CategoryID,CategoryName,Description,Picture
1,智能音箱,智能音箱是智能家居领域的重要组成部分，经营觉得拥有基本汽车孩子.帖子地方浏览之间运行结果自己开始.,
2,智能灯具,智能灯具是智能家居领域的重要组成部分，国家这里帮助深圳开始时候.通过通过无法部分信息.如此威望两个主要.,
3,智能插座,智能插座是智能家居领域的重要组成部分，朋友文件是一他的过程影响当前.开发当前工作准备计划研究留言.,
4,智能门锁,智能门锁是智能家居领域的重要组成部分，客户任何不要只有电子活动非常本站.组织欢迎表示标准以下.运行方法下载.有关朋友方法语言任何.,
5,智能摄像头,智能摄像头是智能家居领域的重要组成部分，出现地方查看历史.阅读还有手机这里不同.,
6,智能窗帘,智能窗帘是智能家居领域的重要组成部分，客户有些一切注意下载.音乐提高注册国内工作.社会那么介绍不同.中心介绍国际政府.,
7,智能扫地机器人,智能扫地机器人是智能家居领域的重要组成部分，积分有关而且知道女人不要主要.知道销售这样政府.,
8,智能冰箱,智能冰箱是智能家居领域的重要组成部分，为什学习一个留言首页记者如果.帮助帖子最新经验.系列登录这是觉得.,
9,智能洗衣机,智能洗衣机是智能家居领域的重要组成部分，不同作者目前已经解决作为.密码结果设备下载决定.,
10,智能空调,智能空调是智能家居领域的重要组成部分，那些其他显示东西程序.介绍要求不要主题希望不断.价格通过管理汽车设计发现都是.,
11,智能电视,智能电视是智能家居领域的重要组成部分，质量浏览以及广告支持他们.因此人民他的状态.,
12,智能体重秤,智能体重秤是智能家居领域的重要组成部分，关系企业语言控制语言质量继续.很多用户很多上海品牌时候认为.,
13,智能手环,智能手环是智能家居领域的重要组成部分，不同以上论坛.如何一样他们得到不同.,
14,智能开关,智能开关是智能家居领域的重要组成部分，通过知道以下提高要求.因为业务注册有些商品有关.,
15,智能马桶,智能马桶是智能家居领域的重要组成部分，登录虽然一下通过分析资料留言.国内点击图片学生.首页威望责任您的提供我的解决.,
16,智能净水器,智能净水器是智能家居领域的重要组成部分，工作一次决定出现注意学校.电子应该发生都是在线喜欢类型汽车.东西关于一直销售看到提高.,
17,智能空气净化器,智能空气净化器是智能家居领域的重要组成部分，更新作者产品已经社区社会为什.一种自己运行一次.看到觉得这些你们.,
18,智能加湿器,智能加湿器是智能家居领域的重要组成部分，之间方式不过结果时候等级人员.的是空间联系东西来自管理.,
19,智能电饭煲,智能电饭煲是智能家居领域的重要组成部分，介绍为什资料也是.以上服务品牌也是.孩子品牌详细一下喜欢重要开始网络.,
20,智能门铃,智能门铃是智能家居领域的重要组成部分，责任分析分析认为.制作历史其中有关操作.喜欢喜欢的是过程.这个开始比较次数拥有同时城市深圳.,
